Group,cTreat,Replicate,Year,estimate,se,lcl,ucl,Species
NE_2021_Full,Full,NE,2021,0.1274870384597795,0.0656432,6.826410198447449,0.030419365626842842,BRBL
NE_2021_Heavy,Heavy,NE,2021,0.025149759187074943,0.1031414,0.05652298876556804,0.018226469461254786,BRBL
NE_2021_Moderate,Moderate,NE,2021,0.06128716146871603,0.0379833,0.5881056533853996,0.02559584004102791,BRBL
NE_2021_Rest,Rest,NE,2021,0.08960706643592253,0.0622636,0.41765090815805356,0.04662793177034147,BRBL
NE_2022_Full,Full,NE,2022,0,0,0,0,BRBL
NE_2022_Moderate,Moderate,NE,2022,0.015974079812602328,0.0118646,0.018715259581477506,0.01566586435569364,BRBL
NE_2022_Rest,Rest,NE,2022,0,0,0,0,BRBL
NE_2023_Full,Full,NE,2023,0,0,0,0,BRBL
NE_2023_Heavy,Heavy,NE,2023,0.06232177472662726,0.0749701,1.232383820372347,0.023171474550233082,BRBL
NE_2023_Moderate,Moderate,NE,2023,0.021438727227861432,0.0278357,0.04640431502874617,0.017068213165998946,BRBL
NE_2023_Rest,Rest,NE,2023,0,0,0,0,BRBL
NE_2024_Full,Full,NE,2024,0,0,0,0,BRBL
NE_2024_Heavy,Heavy,NE,2024,0,0,0,0,BRBL
NE_2024_Moderate,Moderate,NE,2024,0.17252203759986634,0.0706349,8.405745332713918,0.03634967309770804,BRBL
NE_2024_Rest,Rest,NE,2024,0,0,0,0,BRBL
NW_2021_Full,Full,NW,2021,0,0,0,0,BRBL
NW_2021_Heavy,Heavy,NW,2021,0,0,0,0,BRBL
NW_2021_Moderate,Moderate,NW,2021,0.015961280232580116,0.0134521,0.01683252131455043,0.015718650145703082,BRBL
NW_2021_Rest,Rest,NW,2021,0.038341645565968134,0.0225531,0.05801732802142049,0.03337316278668177,BRBL
NW_2022_Full,Full,NW,2022,0,0,0,0,BRBL
NW_2022_Moderate,Moderate,NW,2022,0.01571437535323026,0.0033644,0.016548354509517204,0.01563375367637248,BRBL
NW_2022_Rest,Rest,NW,2022,0,0,0,0,BRBL
NW_2023_Full,Full,NW,2023,0,0,0,0,BRBL
NW_2023_Heavy,Heavy,NW,2023,0,0,0,0,BRBL
NW_2023_Moderate,Moderate,NW,2023,0.036223054613030006,0.0088922,0.059840214239387235,0.032300066192999355,BRBL
NW_2023_Rest,Rest,NW,2023,0,0,0,0,BRBL
NW_2024_Full,Full,NW,2024,0.01804850858535635,0.0390261,0.024170502194704197,0.01634972098868131,BRBL
NW_2024_Heavy,Heavy,NW,2024,0,0,0,0,BRBL
NW_2024_Moderate,Moderate,NW,2024,0.0149572921875,0.0249243,0.0136182515625,0.0154165125,BRBL
NW_2024_Rest,Rest,NW,2024,0,0,0,0,BRBL
SE_2021_Full,Full,SE,2021,0.11178220402123701,0.0349382,0.224688213541354,0.08074412623242626,BRBL
SE_2021_Heavy,Heavy,SE,2021,0.026121588061332204,0.0891906,0.07649101249033308,0.01808875968554094,BRBL
SE_2021_Moderate,Moderate,SE,2021,0.09287314902772967,0.0219261,0.149847676469629,0.07453037030915356,BRBL
SE_2021_Rest,Rest,SE,2021,0.06608815692709603,0.0344771,0.13847156259467194,0.04510325657441802,BRBL
SE_2022_Full,Full,SE,2022,0,0,0,0,BRBL
SE_2022_Moderate,Moderate,SE,2022,0.017808741548670064,0.0080646,0.043240952189594964,0.015883865319104625,BRBL
SE_2022_Rest,Rest,SE,2022,0.015167015475941409,0.0153063,0.012503950018628905,0.015565625263175625,BRBL
SE_2023_Full,Full,SE,2023,0.014069491536637656,0.0290952,0.011325596854695157,0.015118912607025158,BRBL
SE_2023_Heavy,Heavy,SE,2023,0,0,0,0,BRBL
SE_2023_Moderate,Moderate,SE,2023,0.037782678272836455,0.0162955,0.053176644024479476,0.03340039318146436,BRBL
SE_2023_Rest,Rest,SE,2023,0.050701321306182254,0.030439,0.12034934414774588,0.036955042478041836,BRBL
SE_2024_Full,Full,SE,2024,0.13309238933302514,0.0596632,0.4103051549298284,0.0754622199610879,BRBL
SE_2024_Heavy,Heavy,SE,2024,0.08036445194091288,0.1264303,1.0667868461346215,0.02670582158603468,BRBL
SE_2024_Moderate,Moderate,SE,2024,0.08798328976255126,0.0350494,0.12111593621197762,0.07424676606268765,BRBL
SE_2024_Rest,Rest,SE,2024,0.05785494952641636,0.0675588,0.07285215527370341,0.05151597643683965,BRBL
SW_2021_Full,Full,SW,2021,0,0,0,0,BRBL
SW_2021_Heavy,Heavy,SW,2021,0,0,0,0,BRBL
SW_2021_Moderate,Moderate,SW,2021,0.04332505767554767,0.0211613,0.07888338360556989,0.03497058671836968,BRBL
SW_2021_Rest,Rest,SW,2021,0.03795589778601124,0.0397637,0.0545175508923045,0.03333954751114071,BRBL
SW_2022_Full,Full,SW,2022,0.015198703912214808,0.0103148,0.01221415103517605,0.015578078296968566,BRBL
SW_2022_Moderate,Moderate,SW,2022,0,0,0,0,BRBL
SW_2022_Rest,Rest,SW,2022,0,0,0,0,BRBL
SW_2023_Full,Full,SW,2023,0,0,0,0,BRBL
SW_2023_Heavy,Heavy,SW,2023,0,0,0,0,BRBL
SW_2023_Moderate,Moderate,SW,2023,0,0,0,0,BRBL
SW_2023_Rest,Rest,SW,2023,0,0,0,0,BRBL
SW_2024_Full,Full,SW,2024,0.020477372032587354,0.0655667,0.0334592510071317,0.01707095293262029,BRBL
SW_2024_Heavy,Heavy,SW,2024,0.05316772192045392,0.1134754,0.5339476111163276,0.022434777972338928,BRBL
SW_2024_Moderate,Moderate,SW,2024,0.07780530585268755,0.0346973,0.27548499895746864,0.04522176707597566,BRBL
SW_2024_Rest,Rest,SW,2024,0.03392623162731368,0.072351,0.1315332809500587,0.020224488510313752,BRBL
NE_2021_Full,Full,NE,2021,0.043367139794641574,0.0164227,0.07636931491705713,0.0351644289155642,BWTE
NE_2021_Heavy,Heavy,NE,2021,0.01814650027761926,0.0162417,0.02430843199749412,0.016420614802727173,BWTE
NE_2021_Moderate,Moderate,NE,2021,0.01529194375,0.011109,0.014714878124999999,0.0155060765625,BWTE
NE_2022_Full,Full,NE,2022,0.1119680202843153,0.012591,0.14387253651827636,0.09644430198791298,BWTE
NE_2022_Heavy,Heavy,NE,2022,0.10095740176656762,0.0130364,0.10724153103975441,0.09762188758604484,BWTE
NE_2022_Moderate,Moderate,NE,2022,0.037879668837667524,0.0088781,0.043725969278969934,0.03487073146662187,BWTE
NE_2022_Rest,Rest,NE,2022,0.10999865838011312,0.0066982,0.12542570092802113,0.10231308401174724,BWTE
NE_2023_Full,Full,NE,2023,0.04366163906250001,0.0159968,0.0418430484375,0.0448547109375,BWTE
NE_2023_Heavy,Heavy,NE,2023,0.05111536930644401,0.0176135,0.05455703622584316,0.04922411413474926,BWTE
NE_2023_Moderate,Moderate,NE,2023,0.11271870430767185,0.0116836,0.1435980581075341,0.097292140281055,BWTE
NE_2023_Rest,Rest,NE,2023,0.0576840568019725,0.0096229,0.06819068219855969,0.052545227647562344,BWTE
NE_2024_Full,Full,NE,2024,0.02769260947666316,0.0316735,0.03978884505277006,0.022045944506918238,BWTE
NE_2024_Heavy,Heavy,NE,2024,0,0,0,0,BWTE
NE_2024_Moderate,Moderate,NE,2024,0.12903139020217685,0.0240341,0.161561886869744,0.11278603975898328,BWTE
NE_2024_Rest,Rest,NE,2024,0,0,0,0,BWTE
NW_2021_Full,Full,NW,2021,0.02412486824090814,0.0121455,0.058383424995526366,0.01799136994060891,BWTE
NW_2021_Heavy,Heavy,NW,2021,0,0,0,0,BWTE
NW_2021_Moderate,Moderate,NW,2021,0.03355840603391978,0.0082815,0.03912022463987242,0.03195711564257994,BWTE
NW_2022_Full,Full,NW,2022,0.11442802645727734,0.0094366,0.13420131827100934,0.10466277342131294,BWTE
NW_2022_Heavy,Heavy,NW,2022,0.030341212499999996,0.0094925,0.02953994375,0.0307731,BWTE
NW_2022_Moderate,Moderate,NW,2022,0.06950641576948706,0.0069146,0.07658662365843863,0.06605271222734008,BWTE
NW_2022_Rest,Rest,NW,2022,0.04804210812388826,0.0044827,0.049029108962223115,0.04750852040742383,BWTE
NW_2023_Full,Full,NW,2023,0.10823987874357481,0.0151637,0.2334655726408702,0.07217853132330208,BWTE
NW_2023_Heavy,Heavy,NW,2023,0.025152664238584865,0.0153393,0.041479797650623915,0.019654868361202036,BWTE
NW_2023_Moderate,Moderate,NW,2023,0.04689628916326186,0.0110911,0.0715421106838277,0.038065349582359555,BWTE
NW_2023_Rest,Rest,NW,2023,0.03968141536787155,0.0076987,0.050716430717223586,0.035134396583038775,BWTE
NW_2024_Full,Full,NW,2024,0.10966009657574925,0.0250297,0.2757471409588418,0.0637463468999323,BWTE
NW_2024_Heavy,Heavy,NW,2024,0.07238254240486267,0.0288761,0.165696378687937,0.04726649846426855,BWTE
NW_2024_Moderate,Moderate,NW,2024,0.0316546396487563,0.0193713,0.05828319020397336,0.022706221277882493,BWTE
NW_2024_Rest,Rest,NW,2024,0.07821463529921534,0.0137835,0.09500843906278131,0.07040060228524725,BWTE
SE_2021_Full,Full,SE,2021,0.022370278151345378,0.0241174,0.045076088544050576,0.017582645614672463,BWTE
SE_2021_Heavy,Heavy,SE,2021,0,0,0,0,BWTE
SE_2021_Moderate,Moderate,SE,2021,0,0,0,0,BWTE
SE_2022_Full,Full,SE,2022,0,0,0,0,BWTE
SE_2022_Heavy,Heavy,SE,2022,0.05261528670865948,0.0204456,0.1767600081044858,0.028426830842475884,BWTE
SE_2022_Moderate,Moderate,SE,2022,0.03724902933701263,0.0138041,0.04357614463168904,0.03425761235345568,BWTE
SE_2022_Rest,Rest,SE,2022,0.04308657900323265,0.0100569,0.05818254297518367,0.03684968256668452,BWTE
SE_2023_Full,Full,SE,2023,0.09214197701738301,0.0228348,0.14337799007099702,0.07017187547044819,BWTE
SE_2023_Heavy,Heavy,SE,2023,0.03729348333704092,0.0254589,0.04322075847767411,0.034356425140503376,BWTE
SE_2023_Moderate,Moderate,SE,2023,0.06150532293994174,0.0165406,0.060814167322580735,0.061919920926606344,BWTE
SE_2023_Rest,Rest,SE,2023,0.039105722528695326,0.013141,0.046940940176865106,0.03532543892811986,BWTE
SE_2024_Full,Full,SE,2024,0.13061583433383456,0.0443082,0.26812353378877185,0.08418028907392454,BWTE
SE_2024_Heavy,Heavy,SE,2024,0,0,0,0,BWTE
SE_2024_Moderate,Moderate,SE,2024,0.044108420437600604,0.0338674,0.09787877508454436,0.027747436037906588,BWTE
SE_2024_Rest,Rest,SE,2024,0.045069559150557784,0.0276679,0.0624782170607791,0.03778261087327528,BWTE
SW_2021_Full,Full,SW,2021,0,0,0,0,BWTE
SW_2021_Heavy,Heavy,SW,2021,0,0,0,0,BWTE
SW_2021_Moderate,Moderate,SW,2021,0.015625,0.0156783,0.015625,0.015625,BWTE
SW_2022_Full,Full,SW,2022,0.06053678689330073,0.0161964,0.07219860651459878,0.05446589226199041,BWTE
SW_2022_Heavy,Heavy,SW,2022,0.036168166882091846,0.017169,0.04082624365855412,0.033820286718330116,BWTE
SW_2022_Moderate,Moderate,SW,2022,0.08868671985310556,0.0123387,0.0982572434272823,0.08375538262493047,BWTE
SW_2022_Rest,Rest,SW,2022,0.04780419380856192,0.0087521,0.04857632488366557,0.04738156386514368,BWTE
SW_2023_Full,Full,SW,2023,0.0692386191817326,0.0242631,0.20755425388253065,0.03635125439656833,BWTE
SW_2023_Heavy,Heavy,SW,2023,0.10419103486378986,0.0260471,0.16502036756367108,0.08139350277276272,BWTE
SW_2023_Moderate,Moderate,SW,2023,0.03948577668288197,0.0187187,0.08816069743301737,0.02551871092767339,BWTE
SW_2023_Rest,Rest,SW,2023,0.06251170422155171,0.014146,0.08201682614716992,0.05427957376170903,BWTE
SW_2024_Full,Full,SW,2024,0.07686750381907316,0.0356745,0.10129877010006984,0.06401291800041303,BWTE
SW_2024_Heavy,Heavy,SW,2024,0,0,0,0,BWTE
SW_2024_Moderate,Moderate,SW,2024,0.03309488543739307,0.030277,0.05572974091350297,0.02414172145446994,BWTE
SW_2024_Rest,Rest,SW,2024,0.0824650754922137,0.024314,0.17712132854353557,0.05332870701861556,BWTE
NE_2021_Full,Full,NE,2021,0.37438523170942545,0.0156425,0.4127462504804287,0.3456640768778752,CCSP
NE_2021_Heavy,Heavy,NE,2021,0.1708981773625964,0.018886,0.20162515561398625,0.14974550852610677,CCSP
NE_2021_Moderate,Moderate,NE,2021,0.3566701095313073,0.012572,0.4296187831775717,0.30695684371168697,CCSP
NE_2021_Rest,Rest,NE,2021,0.04859305074657986,0.0178879,0.06723019238279161,0.037583430723566624,CCSP
NE_2022_Full,Full,NE,2022,0.17549744480402737,0.0131501,0.21110304956094397,0.15188998309290183,CCSP
NE_2022_Heavy,Heavy,NE,2022,0.09706383697564577,0.0149808,0.10388663159131194,0.09210155211277782,CCSP
NE_2022_Moderate,Moderate,NE,2022,0.1694754267871479,0.0102908,0.19405308102980706,0.15267170919921672,CCSP
NE_2022_Rest,Rest,NE,2022,0.0870513401783636,0.0149466,0.09039728057209995,0.08461764414080897,CCSP
NE_2023_Full,Full,NE,2023,0.057608850113445964,0.0128585,0.06139424139035964,0.05484212780554419,CCSP
NE_2023_Heavy,Heavy,NE,2023,0,0,0,0,CCSP
NE_2023_Moderate,Moderate,NE,2023,0.10976471013364032,0.0100833,0.1318779378402135,0.09545375170726106,CCSP
NE_2023_Rest,Rest,NE,2023,0.09816653002549731,0.0136834,0.12612494909182562,0.08121791060356652,CCSP
NE_2024_Full,Full,NE,2024,0.1634345321155692,0.0156614,0.1760863774063579,0.15403447878446652,CCSP
NE_2024_Heavy,Heavy,NE,2024,0.0498424127508521,0.0181154,0.05738161331640579,0.04464426021706093,CCSP
NE_2024_Moderate,Moderate,NE,2024,0.28736350460046906,0.012504,0.3343062781683729,0.255307616470825,CCSP
NE_2024_Rest,Rest,NE,2024,0.10848760063079964,0.0174751,0.14207852743669086,0.08815220651175164,CCSP
NW_2021_Full,Full,NW,2021,0.3006688745939413,0.014399,0.3316331267085596,0.2768906431292319,CCSP
NW_2021_Heavy,Heavy,NW,2021,0.2646844869903682,0.0161687,0.36284944421239274,0.2034201798211123,CCSP
NW_2021_Moderate,Moderate,NW,2021,0.7644719551635464,0.0113535,0.9065662217552184,0.66320616355913,CCSP
NW_2021_Rest,Rest,NW,2021,0.4023785499055116,0.0146786,0.4836145907261501,0.34512055041288936,CCSP
NW_2022_Full,Full,NW,2022,0.290095214840655,0.0127124,0.3514345482048499,0.24881245247810016,CCSP
NW_2022_Heavy,Heavy,NW,2022,0.10217574964695571,0.01346,0.10448312145056741,0.10035665001443358,CCSP
NW_2022_Moderate,Moderate,NW,2022,0.2335469165197548,0.0098235,0.25393981775253194,0.2185504850587265,CCSP
NW_2022_Rest,Rest,NW,2022,0,0,0,0,CCSP
NW_2023_Full,Full,NW,2023,0.340214454451555,0.012074,0.43120274596134056,0.2816144920059262,CCSP
NW_2023_Heavy,Heavy,NW,2023,0.2769582071172101,0.0139007,0.3784418030747183,0.21664966633690116,CCSP
NW_2023_Moderate,Moderate,NW,2023,0.10981174484153435,0.0093854,0.12853280938618694,0.09699344815487669,CCSP
NW_2023_Rest,Rest,NW,2023,0.251585404067179,0.0116397,0.31330600681478543,0.21106876431664712,CCSP
NW_2024_Full,Full,NW,2024,0.32900835597368316,0.0152834,0.4738691134463834,0.24484571356998006,CCSP
NW_2024_Heavy,Heavy,NW,2024,0.25132601210084965,0.0164503,0.3105494896638943,0.21171718141724613,CCSP
NW_2024_Moderate,Moderate,NW,2024,0.06562287142947362,0.0120483,0.07170731163801404,0.061125940801043194,CCSP
NW_2024_Rest,Rest,NW,2024,0.2418350657383641,0.0154937,0.31030556406053317,0.19791531447441704,CCSP
SE_2021_Full,Full,SE,2021,0.3145246872620138,0.0112142,0.3289141398371221,0.302837840706775,CCSP
SE_2021_Heavy,Heavy,SE,2021,0.6615664759693278,0.0127291,0.7806631823451441,0.5757286995297647,CCSP
SE_2021_Moderate,Moderate,SE,2021,0.4822372496526445,0.0086096,0.5155402941078783,0.45586149396912756,CCSP
SE_2021_Rest,Rest,SE,2021,0.5035240806786001,0.0128333,0.6005785878728073,0.4355257694510148,CCSP
SE_2022_Full,Full,SE,2022,0.24974748150313555,0.0106441,0.29235750232940905,0.22043143402078277,CCSP
SE_2022_Heavy,Heavy,SE,2022,0.20529780079509335,0.0112948,0.24309371624369536,0.17943213141877573,CCSP
SE_2022_Moderate,Moderate,SE,2022,0.139560771809168,0.0080791,0.13926421123202656,0.13979462344053337,CCSP
SE_2022_Rest,Rest,SE,2022,0,0,0,0,CCSP
SE_2023_Full,Full,SE,2023,0.25995590941889285,0.0093945,0.2890723179677961,0.23871624633486377,CCSP
SE_2023_Heavy,Heavy,SE,2023,0.16892550797807418,0.0109112,0.19890670465909793,0.14844999026959035,CCSP
SE_2023_Moderate,Moderate,SE,2023,0.18309251926180944,0.0071921,0.2025937132135292,0.1689264227052111,CCSP
SE_2023_Rest,Rest,SE,2023,0.13200757360427448,0.0098122,0.14506976900995167,0.12251290578262988,CCSP
SE_2024_Full,Full,SE,2024,0.3022405378494607,0.0123365,0.34794283334945447,0.2696611294065098,CCSP
SE_2024_Heavy,Heavy,SE,2024,0.33797377160372294,0.0133194,0.4333198387058999,0.27631155252214257,CCSP
SE_2024_Moderate,Moderate,SE,2024,0.2373628045418657,0.0095266,0.2714749665312209,0.2130994851300951,CCSP
SE_2024_Rest,Rest,SE,2024,0.07852290197598316,0.0135082,0.09082637752581146,0.06999244224807823,CCSP
SW_2021_Full,Full,SW,2021,0.72794923370329,0.0093699,0.8167546525976644,0.659957996352824,CCSP
SW_2021_Heavy,Heavy,SW,2021,0.3680540963240074,0.01103,0.40914411768591474,0.336739473409655,CCSP
SW_2021_Moderate,Moderate,SW,2021,0.51797834540504,0.007197,0.5646108826147775,0.48150406699392123,CCSP
SW_2021_Rest,Rest,SW,2021,0.20627155751707807,0.0103948,0.22367965551455382,0.19279536626939406,CCSP
SW_2022_Full,Full,SW,2022,0.35471663210909476,0.0083256,0.3806656032154686,0.33499764333570853,CCSP
SW_2022_Heavy,Heavy,SW,2022,0.39736081792525085,0.0089965,0.459472561188096,0.3531998689635376,CCSP
SW_2022_Moderate,Moderate,SW,2022,0.2441912121450767,0.0063265,0.26668091467292715,0.22749041061544173,CCSP
SW_2022_Rest,Rest,SW,2022,0.24766177801721145,0.0092674,0.2744977083530268,0.2284004535956571,CCSP
SW_2023_Full,Full,SW,2023,0.38546801581500023,0.0078429,0.4512424333336639,0.33936527903923613,CCSP
SW_2023_Heavy,Heavy,SW,2023,0.15177323214766464,0.0093369,0.16596296684383502,0.1413946185751582,CCSP
SW_2023_Moderate,Moderate,SW,2023,0.3610191911341653,0.0060151,0.3966273466341031,0.334829971758496,CCSP
SW_2023_Rest,Rest,SW,2023,0.32077782567098506,0.0079503,0.360522646319466,0.29208137193284306,CCSP
SW_2024_Full,Full,SW,2024,0.366893665599686,0.0106043,0.4325213960184674,0.32103820338592176,CCSP
SW_2024_Heavy,Heavy,SW,2024,0.32046626194827765,0.0116955,0.3939934013352354,0.27117441710778656,CCSP
SW_2024_Moderate,Moderate,SW,2024,0.2853001625159036,0.0081755,0.3323248485743935,0.25236697610003406,CCSP
SW_2024_Rest,Rest,SW,2024,0.1312025934991922,0.0113063,0.16019875030403194,0.11191436802522702,CCSP
NE_2021_Full,Full,NE,2021,0.01234419983331449,0.0242921,0.009036774815393741,0.014149492856255191,GADW
NE_2021_Heavy,Heavy,NE,2021,0.049584330109290885,0.0086412,0.057776470742836455,0.047578923998931225,GADW
NE_2021_Moderate,Moderate,NE,2021,0.013524077816315334,0.0153812,0.011119721858275837,0.014708628495898551,GADW
NE_2021_Rest,Rest,NE,2021,0,0,0,0,GADW
NE_2022_Full,Full,NE,2022,0.1107513186638091,0.0143499,0.1691700011638884,0.09128944216870834,GADW
NE_2022_Heavy,Heavy,NE,2022,0.04864208384423188,0.0055119,0.05420031963037686,0.04731529997289186,GADW
NE_2022_Moderate,Moderate,NE,2022,0.06867664980960614,0.0087361,0.07684425478285206,0.065225103880279,GADW
NE_2022_Rest,Rest,NE,2022,0.11214406671561865,0.0092601,0.14102236511019905,0.10135310172146543,GADW
NE_2023_Full,Full,NE,2023,0.023182502064942347,0.0403106,0.03369973097599321,0.01901519620403162,GADW
NE_2023_Heavy,Heavy,NE,2023,0,0,0,0,GADW
NE_2023_Moderate,Moderate,NE,2023,0.10414342672403303,0.0238004,0.15999309946908405,0.08212017634321056,GADW
NE_2023_Rest,Rest,NE,2023,0.09247611986453425,0.0271472,0.13629963496748593,0.07579520635475541,GADW
NE_2024_Full,Full,NE,2024,0.018494609415964883,0.0312939,0.02252965548276093,0.01685231417149365,GADW
NE_2024_Heavy,Heavy,NE,2024,0,0,0,0,GADW
NE_2024_Moderate,Moderate,NE,2024,0.14390202031207033,0.0165795,0.18523581967116148,0.12596604675026116,GADW
NE_2024_Rest,Rest,NE,2024,0.05141415857491428,0.0185576,0.08713996154364907,0.0396583566863533,GADW
NW_2021_Full,Full,NW,2021,0.01627934501709305,0.0197583,0.017410493072963728,0.015864802840860746,GADW
NW_2021_Heavy,Heavy,NW,2021,0.016341347241548915,0.0059397,0.01843077559080019,0.015814586804119256,GADW
NW_2021_Moderate,Moderate,NW,2021,0.023327745555434244,0.0122196,0.045070305022487635,0.018147858213394062,GADW
NW_2021_Rest,Rest,NW,2021,0,0,0,0,GADW
NW_2022_Full,Full,NW,2022,0.0744345417484798,0.0113017,0.14514575580053965,0.05652324581346313,GADW
NW_2022_Heavy,Heavy,NW,2022,0,0,0,0,GADW
NW_2022_Moderate,Moderate,NW,2022,0.06131196314301386,0.0067667,0.05969277858180446,0.06200418365027557,GADW
NW_2022_Rest,Rest,NW,2022,0.02163888173830773,0.0074803,0.03642750243783089,0.01769314310004889,GADW
NW_2023_Full,Full,NW,2023,0.14048062337752742,0.0321585,0.33615885777788146,0.09137495312544577,GADW
NW_2023_Heavy,Heavy,NW,2023,0.029373667806414396,0.0125298,0.025427148629202638,0.030683875338866098,GADW
NW_2023_Moderate,Moderate,NW,2023,0.08433731018887715,0.0183904,0.11165257025869471,0.07281529518307615,GADW
NW_2023_Rest,Rest,NW,2023,0.01474995,0.022234,0.0137631171875,0.015228800000000002,GADW
NW_2024_Full,Full,NW,2024,0,0,0,0,GADW
NW_2024_Heavy,Heavy,NW,2024,0.031453269347619515,0.0081943,0.03196289833355555,0.031307624622682946,GADW
NW_2024_Moderate,Moderate,NW,2024,0.015625,0.0134914,0.015625,0.015625,GADW
NW_2024_Rest,Rest,NW,2024,0.03550283444392044,0.015687,0.04231669713389258,0.03294831775077517,GADW
SE_2021_Full,Full,SE,2021,0.02243075883535668,0.0213561,0.03613442581469346,0.018206560600230334,GADW
SE_2021_Heavy,Heavy,SE,2021,0,0,0,0,GADW
SE_2021_Moderate,Moderate,SE,2021,0.057867806557599655,0.0141462,0.07857107654051602,0.051021566213231485,GADW
SE_2021_Rest,Rest,SE,2021,0.03278228662782596,0.0154072,0.03543998392501758,0.031815014451095525,GADW
SE_2022_Full,Full,SE,2022,0,0,0,0,GADW
SE_2022_Heavy,Heavy,SE,2022,0,0,0,0,GADW
SE_2022_Moderate,Moderate,SE,2022,0.015625,0.0099525,0.015625,0.015625,GADW
SE_2022_Rest,Rest,SE,2022,0,0,0,0,GADW
SE_2023_Full,Full,SE,2023,0.012395095338893906,0.0405359,0.009573059410050157,0.014057273891390625,GADW
SE_2023_Heavy,Heavy,SE,2023,0,0,0,0,GADW
SE_2023_Moderate,Moderate,SE,2023,0.21152326218310127,0.0260617,0.8299825311826006,0.10969225047362727,GADW
SE_2023_Rest,Rest,SE,2023,0,0,0,0,GADW
SE_2024_Full,Full,SE,2024,0.07596037564268875,0.0298727,0.24180466459455413,0.04547007738201158,GADW
SE_2024_Heavy,Heavy,SE,2024,0,0,0,0,GADW
SE_2024_Moderate,Moderate,SE,2024,0.04705622990605369,0.01733,0.07582559325361787,0.037650206374684504,GADW
SE_2024_Rest,Rest,SE,2024,0.11354411749487635,0.0184561,0.24064154389212059,0.0810693905136088,GADW
SW_2021_Full,Full,SW,2021,0.015378118749999998,0.0099871,0.01478901875,0.015554082812500002,GADW
SW_2021_Heavy,Heavy,SW,2021,0,0,0,0,GADW
SW_2021_Moderate,Moderate,SW,2021,0,0,0,0,GADW
SW_2021_Rest,Rest,SW,2021,0,0,0,0,GADW
SW_2022_Full,Full,SW,2022,0.036880507200866636,0.00598,0.054434607934276326,0.032821174889624924,GADW
SW_2022_Heavy,Heavy,SW,2022,0,0,0,0,GADW
SW_2022_Moderate,Moderate,SW,2022,0.03435117367425087,0.0038816,0.044071199160848895,0.03206977246920105,GADW
SW_2022_Rest,Rest,SW,2022,0.01590748888169302,0.0040746,0.016732481994319433,0.01569796696805075,GADW
SW_2023_Full,Full,SW,2023,0.01945080266973671,0.0198912,0.03000286213509206,0.016787514968268247,GADW
SW_2023_Heavy,Heavy,SW,2023,0,0,0,0,GADW
SW_2023_Moderate,Moderate,SW,2023,0.020411165561198027,0.0129067,0.03634661306923496,0.016980415953879256,GADW
SW_2023_Rest,Rest,SW,2023,0.04528915045846899,0.0138835,0.11041800320415492,0.0347790988605819,GADW
SW_2024_Full,Full,SW,2024,0.05634453034753059,0.0122863,0.07980146842939648,0.049909539928459076,GADW
SW_2024_Heavy,Heavy,SW,2024,0.015860705467936543,0.0039348,0.01676422442177586,0.015674491752374998,GADW
SW_2024_Moderate,Moderate,SW,2024,0.0479811029300678,0.0075837,0.050177321227483425,0.04724770606955537,GADW
SW_2024_Rest,Rest,SW,2024,0,0,0,0,GADW
NE_2021_Full,Full,NE,2021,0,0,0,0,MALL
NE_2021_Heavy,Heavy,NE,2021,0,0,0,0,MALL
NE_2021_Moderate,Moderate,NE,2021,0.02987720457156125,0.0193632,0.024456348296311253,0.03100412305585125,MALL
NE_2022_Full,Full,NE,2022,0,0,0,0,MALL
NE_2022_Heavy,Heavy,NE,2022,0,0,0,0,MALL
NE_2022_Moderate,Moderate,NE,2022,0,0,0,0,MALL
NE_2022_Rest,Rest,NE,2022,0,0,0,0,MALL
NE_2023_Full,Full,NE,2023,0.29341537549664776,0.081377,218.57840475032336,0.034749864736745135,MALL
NE_2023_Heavy,Heavy,NE,2023,0.008941873760712949,0.07381,0.002799691456100514,0.01326676060717384,MALL
NE_2023_Moderate,Moderate,NE,2023,0.053103380471023115,0.0368038,0.9768329247599856,0.022028534037760072,MALL
NE_2024_Full,Full,NE,2024,0.1365091194831719,0.2500525,90.39684441169052,0.021232633419791893,MALL
NE_2024_Heavy,Heavy,NE,2024,0,0,0,0,MALL
NE_2024_Moderate,Moderate,NE,2024,0,0,0,0,MALL
NE_2024_Rest,Rest,NE,2024,0.01714513313233557,0.0453423,0.029324562354795136,0.01581629183846765,MALL
NW_2021_Full,Full,NW,2021,0.03624769414147118,0.0096821,0.07215054946623763,0.03206527203580685,MALL
NW_2021_Heavy,Heavy,NW,2021,0,0,0,0,MALL
NW_2021_Moderate,Moderate,NW,2021,0.016043337990211008,0.0042596,0.018630752564407986,0.015686462507468163,MALL
NW_2022_Full,Full,NW,2022,0.029938555930912075,0.0207419,0.026086037005253068,0.030944565347145268,MALL
NW_2022_Heavy,Heavy,NW,2022,0,0,0,0,MALL
NW_2022_Moderate,Moderate,NW,2022,0,0,0,0,MALL
NW_2022_Rest,Rest,NW,2022,0.015506598771740415,0.0039544,0.01332144526059901,0.015619469402661831,MALL
NW_2023_Full,Full,NW,2023,0,0,0,0,MALL
NW_2023_Heavy,Heavy,NW,2023,0,0,0,0,MALL
NW_2023_Moderate,Moderate,NW,2023,0,0,0,0,MALL
NW_2024_Full,Full,NW,2024,0,0,0,0,MALL
NW_2024_Heavy,Heavy,NW,2024,0.05391406031695466,0.0727612,5.1352345607013525,0.01965009222302782,MALL
NW_2024_Moderate,Moderate,NW,2024,0.03536618911197536,0.0256682,0.04804044513312158,0.03234098770093603,MALL
NW_2024_Rest,Rest,NW,2024,0.03378870742717592,0.0111849,0.07228592947988605,0.031468984565907514,MALL
SE_2021_Full,Full,SE,2021,0,0,0,0,MALL
SE_2021_Heavy,Heavy,SE,2021,0.05494448952739953,0.0400368,2.6344203004180273,0.02084246838597895,MALL
SE_2021_Moderate,Moderate,SE,2021,0.05609158126692171,0.0142241,0.08285272255227916,0.04955211834491565,MALL
SE_2022_Full,Full,SE,2022,0,0,0,0,MALL
SE_2022_Heavy,Heavy,SE,2022,0.011726025639900627,0.10177,0.004498274235180624,0.014797533395137655,MALL
SE_2022_Moderate,Moderate,SE,2022,0.06867760570828162,0.0351503,0.36120336309432727,0.03980500383673986,MALL
SE_2022_Rest,Rest,SE,2022,0,0,0,0,MALL
SE_2023_Full,Full,SE,2023,0.1233738649680766,0.0983532,32.95472240440871,0.025063547269905628,MALL
SE_2023_Heavy,Heavy,SE,2023,0,0,0,0,MALL
SE_2023_Moderate,Moderate,SE,2023,0.06537923749956386,0.0314884,0.11266333936179744,0.0529564837738469,MALL
SE_2024_Full,Full,SE,2024,0.06303871119126958,0.2629853,4.055352945890098,0.01888196614285947,MALL
SE_2024_Heavy,Heavy,SE,2024,0,0,0,0,MALL
SE_2024_Moderate,Moderate,SE,2024,0,0,0,0,MALL
SE_2024_Rest,Rest,SE,2024,0,0,0,0,MALL
SW_2021_Full,Full,SW,2021,0.01955960250999391,0.0676039,0.03421869717327324,0.016558342188107998,MALL
SW_2021_Heavy,Heavy,SW,2021,0.0140427109375,0.0652382,0.01070795625,0.015204614062500002,MALL
SW_2021_Moderate,Moderate,SW,2021,0,0,0,0,MALL
SW_2022_Full,Full,SW,2022,0,0,0,0,MALL
SW_2022_Heavy,Heavy,SW,2022,0,0,0,0,MALL
SW_2022_Moderate,Moderate,SW,2022,0.12924665337120889,0.0745641,41.31581357574745,0.025794655243166844,MALL
SW_2022_Rest,Rest,SW,2022,0,0,0,0,MALL
SW_2023_Full,Full,SW,2023,0,0,0,0,MALL
SW_2023_Heavy,Heavy,SW,2023,0,0,0,0,MALL
SW_2023_Moderate,Moderate,SW,2023,0.22235308895367595,0.0445146,0.9777908115931866,0.10973354189679545,MALL
SW_2024_Full,Full,SW,2024,0,0,0,0,MALL
SW_2024_Heavy,Heavy,SW,2024,0,0,0,0,MALL
SW_2024_Moderate,Moderate,SW,2024,0,0,0,0,MALL
SW_2024_Rest,Rest,SW,2024,0,0,0,0,MALL
NE_2021_Full,Full,NE,2021,0,0,0,0,MODO
NE_2021_Heavy,Heavy,NE,2021,0,0,0,0,MODO
NE_2021_Moderate,Moderate,NE,2021,0.024281439904175767,0.1286992,0.20089895897441515,0.01651616203518521,MODO
NE_2021_Rest,Rest,NE,2021,0,0,0,0,MODO
NE_2022_Heavy,Heavy,NE,2022,0,0,0,0,MODO
NE_2022_Moderate,Moderate,NE,2022,0,0,0,0,MODO
NE_2022_Rest,Rest,NE,2022,0,0,0,0,MODO
NE_2023_Full,Full,NE,2023,0,0,0,0,MODO
NE_2023_Heavy,Heavy,NE,2023,0,0,0,0,MODO
NE_2023_Moderate,Moderate,NE,2023,0,0,0,0,MODO
NE_2024_Full,Full,NE,2024,0,0,0,0,MODO
NE_2024_Heavy,Heavy,NE,2024,0,0,0,0,MODO
NE_2024_Moderate,Moderate,NE,2024,0,0,0,0,MODO
NE_2024_Rest,Rest,NE,2024,0,0,0,0,MODO
NW_2021_Full,Full,NW,2021,0.140626775086535,0.0204113,0.21898835106422085,0.11344294915109146,MODO
NW_2021_Heavy,Heavy,NW,2021,0,0,0,0,MODO
NW_2021_Moderate,Moderate,NW,2021,0.09354840104677703,0.0185776,0.144104444988509,0.07572259014682407,MODO
NW_2021_Rest,Rest,NW,2021,0,0,0,0,MODO
NW_2022_Heavy,Heavy,NW,2022,0.1448676784255457,0.0251857,0.28603865141068635,0.1106105002972292,MODO
NW_2022_Moderate,Moderate,NW,2022,0.03487622322611011,0.0182999,0.04032870660631741,0.03273667392781277,MODO
NW_2022_Rest,Rest,NW,2022,0,0,0,0,MODO
NW_2023_Full,Full,NW,2023,0.13377667210782124,0.0943187,3.3239155977623924,0.03371028760068269,MODO
NW_2023_Heavy,Heavy,NW,2023,0.23401679940614142,0.1198664,9.25752290877385,0.057021100682000114,MODO
NW_2023_Moderate,Moderate,NW,2023,0,0,0,0,MODO
NW_2024_Full,Full,NW,2024,0,0,0,0,MODO
NW_2024_Heavy,Heavy,NW,2024,0,0,0,0,MODO
NW_2024_Moderate,Moderate,NW,2024,0.07875719153655363,0.035555,0.1511653155105587,0.05856111416045575,MODO
NW_2024_Rest,Rest,NW,2024,0.019864299864109886,0.0836268,0.04271944635069616,0.016412366788957234,MODO
SE_2021_Full,Full,SE,2021,0,0,0,0,MODO
SE_2021_Heavy,Heavy,SE,2021,0,0,0,0,MODO
SE_2021_Moderate,Moderate,SE,2021,0,0,0,0,MODO
SE_2021_Rest,Rest,SE,2021,0,0,0,0,MODO
SE_2022_Heavy,Heavy,SE,2022,0,0,0,0,MODO
SE_2022_Moderate,Moderate,SE,2022,0,0,0,0,MODO
SE_2022_Rest,Rest,SE,2022,0,0,0,0,MODO
SE_2023_Full,Full,SE,2023,0,0,0,0,MODO
SE_2023_Heavy,Heavy,SE,2023,0,0,0,0,MODO
SE_2023_Moderate,Moderate,SE,2023,0,0,0,0,MODO
SE_2024_Full,Full,SE,2024,0.03970850420866851,0.1568224,2.7278693637070073,0.017528688062114293,MODO
SE_2024_Heavy,Heavy,SE,2024,0,0,0,0,MODO
SE_2024_Moderate,Moderate,SE,2024,0,0,0,0,MODO
SE_2024_Rest,Rest,SE,2024,0,0,0,0,MODO
SW_2021_Full,Full,SW,2021,0,0,0,0,MODO
SW_2021_Heavy,Heavy,SW,2021,0.12642188457490275,0.0266136,0.5046821715955675,0.07865943243487661,MODO
SW_2021_Moderate,Moderate,SW,2021,0,0,0,0,MODO
SW_2021_Rest,Rest,SW,2021,0.02033629755021925,0.0287112,0.03452807422173299,0.01700278749270003,MODO
SW_2022_Heavy,Heavy,SW,2022,0,0,0,0,MODO
SW_2022_Moderate,Moderate,SW,2022,0.051272826055088525,0.0185583,0.061422684484747046,0.04825815709244996,MODO
SW_2022_Rest,Rest,SW,2022,0.23051417825777462,0.0177764,0.42675803070672647,0.17464126006014186,MODO
SW_2023_Full,Full,SW,2023,0.11203380833819632,0.0581023,0.27372147753448206,0.0705906788253267,MODO
SW_2023_Heavy,Heavy,SW,2023,0,0,0,0,MODO
SW_2023_Moderate,Moderate,SW,2023,0.23489057336328156,0.0592965,0.5673464848761762,0.1530516115282665,MODO
SW_2024_Full,Full,SW,2024,0.084327844554003,0.0372528,0.23187342453911963,0.05763937850937481,MODO
SW_2024_Heavy,Heavy,SW,2024,0.020289029710759344,0.04697,0.034597440956224135,0.01693886463796399,MODO
SW_2024_Moderate,Moderate,SW,2024,0,0,0,0,MODO
SW_2024_Rest,Rest,SW,2024,0,0,0,0,MODO
NE_2021_Full,Full,NE,2021,0.06563217394108632,0.0177656,0.100569862595357,0.054248744075682094,NOPI
NE_2021_Heavy,Heavy,NE,2021,0.04303391074089322,0.034803,0.23752471161810462,0.022457505799331964,NOPI
NE_2021_Moderate,Moderate,NE,2021,0.23166558944569574,0.0207129,0.2854076861128793,0.20446978917989816,NOPI
NE_2021_Rest,Rest,NE,2021,0,0,0,0,NOPI
NE_2022_Full,Full,NE,2022,0,0,0,0,NOPI
NE_2022_Heavy,Heavy,NE,2022,0.03409569955054847,0.0285238,0.039594059752817316,0.032236697506200555,NOPI
NE_2022_Moderate,Moderate,NE,2022,0.07118845591030835,0.0241984,0.11409928858966814,0.05681928007482862,NOPI
NE_2022_Rest,Rest,NE,2022,0.03754007790286201,0.0251075,0.12859707274103643,0.022301430288647565,NOPI
NE_2023_Full,Full,NE,2023,0.015073840625,0.020241,0.013984403125000001,0.0154489453125,NOPI
NE_2023_Heavy,Heavy,NE,2023,0,0,0,0,NOPI
NE_2023_Moderate,Moderate,NE,2023,0.050142447338663534,0.0286679,0.055093559736227905,0.04817403699457727,NOPI
NE_2023_Rest,Rest,NE,2023,0.016586011766355584,0.0337691,0.018856063850674936,0.015910831727654624,NOPI
NE_2024_Full,Full,NE,2024,0,0,0,0,NOPI
NE_2024_Heavy,Heavy,NE,2024,0,0,0,0,NOPI
NE_2024_Moderate,Moderate,NE,2024,0.056703717552459836,0.0533309,0.2840760334140653,0.026930721058246065,NOPI
NE_2024_Rest,Rest,NE,2024,0,0,0,0,NOPI
NW_2021_Full,Full,NW,2021,0.03305998806527655,0.0310194,0.12308721774367233,0.02031847760600968,NOPI
NW_2021_Heavy,Heavy,NW,2021,0.10922839875998376,0.0599551,10.804718218435024,0.026537898373470998,NOPI
NW_2021_Moderate,Moderate,NW,2021,0,0,0,0,NOPI
NW_2021_Rest,Rest,NW,2021,0,0,0,0,NOPI
NW_2022_Full,Full,NW,2022,0.023327495216856987,0.0237706,0.044569338768181026,0.018142829874537907,NOPI
NW_2022_Heavy,Heavy,NW,2022,0,0,0,0,NOPI
NW_2022_Moderate,Moderate,NW,2022,0.02492877072212324,0.0384204,0.04719906795003722,0.018897110051121904,NOPI
NW_2022_Rest,Rest,NW,2022,0.10276544290094412,0.0321168,0.19054621915305237,0.07753175546134158,NOPI
NW_2023_Full,Full,NW,2023,0,0,0,0,NOPI
NW_2023_Heavy,Heavy,NW,2023,0.03943219614201521,0.0497874,0.35132695268344755,0.0201882941687134,NOPI
NW_2023_Moderate,Moderate,NW,2023,0.049088596518010216,0.0438957,0.3115797468040524,0.023712197510767186,NOPI
NW_2023_Rest,Rest,NW,2023,0.018506829144798523,0.0444736,0.025771492917134674,0.016494208784014915,NOPI
NW_2024_Full,Full,NW,2024,0.027046454264788435,0.0454295,0.05840414983683314,0.019432713955212174,NOPI
NW_2024_Heavy,Heavy,NW,2024,0,0,0,0,NOPI
NW_2024_Moderate,Moderate,NW,2024,0.38186562172241234,0.0761564,30.307926561680482,0.05417391002480413,NOPI
NW_2024_Rest,Rest,NW,2024,0,0,0,0,NOPI
SE_2021_Full,Full,SE,2021,0,0,0,0,NOPI
SE_2021_Heavy,Heavy,SE,2021,0,0,0,0,NOPI
SE_2021_Moderate,Moderate,SE,2021,0.03897703329795896,0.0240745,0.05068659436239192,0.03449815683203994,NOPI
SE_2021_Rest,Rest,SE,2021,0.017473475195968428,0.0278873,0.021260329030235364,0.016251762578629158,NOPI
SE_2022_Full,Full,SE,2022,0.06774931987557332,0.0133697,0.07768136694734723,0.06437005548258203,NOPI
SE_2022_Heavy,Heavy,SE,2022,0,0,0,0,NOPI
SE_2022_Moderate,Moderate,SE,2022,0,0,0,0,NOPI
SE_2022_Rest,Rest,SE,2022,0.0267526985894139,0.0195936,0.057446153653729015,0.019430395555483905,NOPI
SE_2023_Full,Full,SE,2023,0,0,0,0,NOPI
SE_2023_Heavy,Heavy,SE,2023,0.021487825066609293,0.0258971,0.042499090972578105,0.01723545057750627,NOPI
SE_2023_Moderate,Moderate,SE,2023,0.08139062915034365,0.0223209,0.1765869453819919,0.058684127635746826,NOPI
SE_2023_Rest,Rest,SE,2023,0,0,0,0,NOPI
SE_2024_Full,Full,SE,2024,0.11874063985583717,0.0221584,0.24684295067131048,0.08389657594283033,NOPI
SE_2024_Heavy,Heavy,SE,2024,0.08255386980375239,0.0520313,2.3661171945559514,0.02617084106969236,NOPI
SE_2024_Moderate,Moderate,SE,2024,0.11824574455310345,0.0398181,0.5457300669644123,0.05683237262165781,NOPI
SE_2024_Rest,Rest,SE,2024,0,0,0,0,NOPI
SW_2021_Full,Full,SW,2021,0,0,0,0,NOPI
SW_2021_Heavy,Heavy,SW,2021,0.03835794927719405,0.0529839,0.32045660394863773,0.020008222268133532,NOPI
SW_2021_Moderate,Moderate,SW,2021,0.07190735530035598,0.0425298,0.6194639842440969,0.02866100700782173,NOPI
SW_2021_Rest,Rest,SW,2021,0.01871842248619337,0.0402279,0.024678843449027994,0.016731322534883308,NOPI
SW_2022_Full,Full,SW,2022,0.026434994559345167,0.021601,0.06469078560099527,0.018895274765187098,NOPI
SW_2022_Heavy,Heavy,SW,2022,0,0,0,0,NOPI
SW_2022_Moderate,Moderate,SW,2022,0.03545567935324853,0.0365307,0.12314563677126288,0.02136844418765178,NOPI
SW_2022_Rest,Rest,SW,2022,0.08181063104821978,0.0259042,0.1504039411251524,0.06082555436511379,NOPI
SW_2023_Full,Full,SW,2023,0,0,0,0,NOPI
SW_2023_Heavy,Heavy,SW,2023,0,0,0,0,NOPI
SW_2023_Moderate,Moderate,SW,2023,0,0,0,0,NOPI
SW_2023_Rest,Rest,SW,2023,0,0,0,0,NOPI
SW_2024_Full,Full,SW,2024,0.19385936500609233,0.0318433,0.6085614532267082,0.10824486610726129,NOPI
SW_2024_Heavy,Heavy,SW,2024,0,0,0,0,NOPI
SW_2024_Moderate,Moderate,SW,2024,0.0750097130904229,0.0585054,0.1261120540203065,0.05794011922612902,NOPI
SW_2024_Rest,Rest,SW,2024,0.021393205008022245,0.0616918,0.032860030970102067,0.01769835116789066,NOPI
NE_2021_Full,Full,NE,2021,0.019314371819493685,0.0382047,0.038302281505275516,0.016374869155972267,NSHO
NE_2021_Moderate,Moderate,NE,2021,0,0,0,0,NSHO
NE_2022_Full,Full,NE,2022,0.014496692774895155,0.022783,0.012136004994513908,0.015292052195576406,NSHO
NE_2022_Heavy,Heavy,NE,2022,0.012695312655459463,0.0334895,0.003912478163717783,0.015184594348072483,NSHO
NE_2022_Moderate,Moderate,NE,2022,0.01814560448760257,0.0209369,0.024729059062176383,0.016384289732445923,NSHO
NE_2023_Moderate,Moderate,NE,2023,0.030387773775582324,0.0148564,0.02731928184304841,0.03107360230799027,NSHO
NE_2023_Rest,Rest,NE,2023,0.014207461512443105,0.0195228,0.0096673029008802,0.015344465075701584,NSHO
NE_2024_Full,Full,NE,2024,0,0,0,0,NSHO
NE_2024_Moderate,Moderate,NE,2024,0.03907353082627786,0.0279325,0.029415418869614785,0.043746628276006505,NSHO
NE_2024_Rest,Rest,NE,2024,0.009849276706707407,0.0422172,0.003771248482811234,0.013559739653430145,NSHO
NW_2021_Full,Full,NW,2021,0,0,0,0,NSHO
NW_2021_Moderate,Moderate,NW,2021,0.07028865123702774,0.0598382,25.452762507484607,0.020482812249125567,NSHO
NW_2022_Full,Full,NW,2022,0.046047022033684236,0.0234035,0.044883247354995756,0.04654107529770121,NSHO
NW_2022_Heavy,Heavy,NW,2022,0,0,0,0,NSHO
NW_2022_Moderate,Moderate,NW,2022,0.0799097068237953,0.0274124,0.21242903647230293,0.056251572245498316,NSHO
NW_2023_Moderate,Moderate,NW,2023,0,0,0,0,NSHO
NW_2023_Rest,Rest,NW,2023,0,0,0,0,NSHO
NW_2024_Full,Full,NW,2024,0.04039343958395405,0.0538249,0.46818716456089443,0.019948306451471422,NSHO
NW_2024_Moderate,Moderate,NW,2024,0,0,0,0,NSHO
NW_2024_Rest,Rest,NW,2024,0.02165801276200033,0.0651353,0.048346662458960285,0.017019990028352916,NSHO
SE_2021_Full,Full,SE,2021,0.09195873420873503,0.0964615,2.9339559670733073,0.026408694938779263,NSHO
SE_2021_Moderate,Moderate,SE,2021,0,0,0,0,NSHO
SE_2022_Full,Full,SE,2022,0,0,0,0,NSHO
SE_2022_Heavy,Heavy,SE,2022,0,0,0,0,NSHO
SE_2022_Moderate,Moderate,SE,2022,0.03354642380940772,0.0651693,0.03780913878293422,0.03202254413358353,NSHO
SE_2023_Moderate,Moderate,SE,2023,0,0,0,0,NSHO
SE_2023_Rest,Rest,SE,2023,0.06796343829826912,0.0704964,15.694511128447614,0.02050709748632862,NSHO
SE_2024_Full,Full,SE,2024,0,0,0,0,NSHO
SE_2024_Moderate,Moderate,SE,2024,0.09544680503567225,0.1095773,0.8973341154397778,0.04289722777504392,NSHO
SE_2024_Rest,Rest,SE,2024,0,0,0,0,NSHO
SW_2021_Full,Full,SW,2021,0.07243820473461644,0.0745287,1.8537860771430525,0.02435567349055749,NSHO
SW_2021_Moderate,Moderate,SW,2021,0.041380726521271435,0.0814421,0.4436985466719846,0.02006268527530414,NSHO
SW_2022_Full,Full,SW,2022,0.05411562650428342,0.0505426,0.15139278171653373,0.03739441635038956,NSHO
SW_2022_Heavy,Heavy,SW,2022,0,0,0,0,NSHO
SW_2022_Moderate,Moderate,SW,2022,0.009495410085936115,0.0454556,0.004277250332767594,0.013023662479000574,NSHO
SW_2023_Moderate,Moderate,SW,2023,0,0,0,0,NSHO
SW_2023_Rest,Rest,SW,2023,0,0,0,0,NSHO
SW_2024_Full,Full,SW,2024,0,0,0,0,NSHO
SW_2024_Moderate,Moderate,SW,2024,0.025153617336796604,0.0837422,0.06866339101306972,0.017901047456426854,NSHO
SW_2024_Rest,Rest,SW,2024,0.04649776462110261,0.0769721,0.08103605503084473,0.03639349101604823,NSHO
NE_2021_Full,Full,NE,2021,0.045377302570333226,0.0180264,0.06360399647617196,0.03791593389802782,RWBL
NE_2021_Moderate,Moderate,NE,2021,0.26297325943344296,0.0165173,0.33668876839033807,0.22443700539798658,RWBL
NE_2022_Full,Full,NE,2022,0.12581696490745514,0.0125576,0.12634139970438096,0.1254947355438011,RWBL
NE_2022_Heavy,Heavy,NE,2022,0.044405271587265614,0.0107407,0.04219182236785038,0.045597769022467184,RWBL
NE_2022_Moderate,Moderate,NE,2022,0.012719327493249633,0.0177635,0.010985745247960515,0.01387268295617413,RWBL
NE_2022_Rest,Rest,NE,2022,0.036117757808239066,0.0059513,0.03999923435656324,0.03400966415166486,RWBL
NE_2023_Full,Full,NE,2023,0.02538812264761125,0.0268813,0.021775716312020004,0.027785000071205,RWBL
NE_2023_Heavy,Heavy,NE,2023,0.17461034846558854,0.0160208,0.18793358394770562,0.1669567599252104,RWBL
NE_2023_Moderate,Moderate,NE,2023,0.052954244997148896,0.0365789,0.14160465089296298,0.030213573250454123,RWBL
NE_2023_Rest,Rest,NE,2023,0.06392373365129668,0.0118038,0.06494648793353286,0.06332579862172896,RWBL
NE_2024_Full,Full,NE,2024,0,0,0,0,RWBL
NE_2024_Heavy,Heavy,NE,2024,0.055746574972085315,0.0217471,0.08863925158110038,0.04290264334804172,RWBL
NE_2024_Moderate,Moderate,NE,2024,0.07328387629259567,0.0350376,0.08113908368399482,0.06873915021253045,RWBL
NE_2024_Rest,Rest,NE,2024,0.22695371565513403,0.0109951,0.2510161626200384,0.2123374351908127,RWBL
NW_2021_Full,Full,NW,2021,0.009165060218607168,0.02537,0.005379441295382221,0.012025678960865961,RWBL
NW_2021_Moderate,Moderate,NW,2021,0.13671003597605813,0.0243144,0.20006136103077568,0.10849507982043582,RWBL
NW_2022_Full,Full,NW,2022,0.15304994694695317,0.0146624,0.16039754864735215,0.14844498329900518,RWBL
NW_2022_Heavy,Heavy,NW,2022,0,0,0,0,RWBL
NW_2022_Moderate,Moderate,NW,2022,0.18823534569539974,0.0205999,0.2892731113410818,0.14363419718809328,RWBL
NW_2022_Rest,Rest,NW,2022,0.12009478346938593,0.0080061,0.12842577091441737,0.11546690295194281,RWBL
NW_2023_Full,Full,NW,2023,0.022190750362483625,0.0344219,0.017239058819195352,0.025769981848618066,RWBL
NW_2023_Heavy,Heavy,NW,2023,0.05986809609422918,0.0238365,0.09967781993930372,0.044744444529360015,RWBL
NW_2023_Moderate,Moderate,NW,2023,0.026646608412737454,0.0453755,0.04050706410364334,0.02088054618149464,RWBL
NW_2023_Rest,Rest,NW,2023,0.06325828530999186,0.0171487,0.08045121833437771,0.055259106537118866,RWBL
NW_2024_Full,Full,NW,2024,0.0800915471821814,0.0321786,0.10872765137393645,0.06555505705743954,RWBL
NW_2024_Heavy,Heavy,NW,2024,0.04702568007016518,0.029386,0.06642763043955283,0.03882713546430744,RWBL
NW_2024_Moderate,Moderate,NW,2024,0.08845971095263026,0.0394296,0.15863027582509598,0.060013017313313564,RWBL
NW_2024_Rest,Rest,NW,2024,0.09799833546989187,0.0151551,0.11131556932203282,0.09022884910223984,RWBL
SE_2021_Full,Full,SE,2021,0.02237861432019041,0.024696,0.04051755905235873,0.01782733004987082,RWBL
SE_2021_Moderate,Moderate,SE,2021,0.013650630449707655,0.0264051,0.011549650442490001,0.014729982064943907,RWBL
SE_2022_Full,Full,SE,2022,0.020665013013899485,0.0174511,0.02841283310175471,0.01777395396264564,RWBL
SE_2022_Heavy,Heavy,SE,2022,0,0,0,0,RWBL
SE_2022_Moderate,Moderate,SE,2022,0.03426333427841995,0.0216778,0.03779700990295488,0.03264918830386675,RWBL
SE_2022_Rest,Rest,SE,2022,0.029734777646691343,0.0077817,0.028043201913231876,0.030549509925637885,RWBL
SE_2023_Full,Full,SE,2023,0.017149819616825285,0.0346608,0.019152241504801115,0.01628417527296186,RWBL
SE_2023_Heavy,Heavy,SE,2023,0,0,0,0,RWBL
SE_2023_Moderate,Moderate,SE,2023,0.015625,0.0424574,0.015625,0.015625,RWBL
SE_2023_Rest,Rest,SE,2023,0.033870418166446474,0.01531,0.03717396226732948,0.032424212403389045,RWBL
SE_2024_Full,Full,SE,2024,0,0,0,0,RWBL
SE_2024_Heavy,Heavy,SE,2024,0,0,0,0,RWBL
SE_2024_Moderate,Moderate,SE,2024,0.06535214402176649,0.0475324,0.30163918527134864,0.030362901288733875,RWBL
SE_2024_Rest,Rest,SE,2024,0.0327751351987437,0.0177427,0.034589716704132405,0.03194647467840634,RWBL
SW_2021_Full,Full,SW,2021,0,0,0,0,RWBL
SW_2021_Moderate,Moderate,SW,2021,0,0,0,0,RWBL
SW_2022_Full,Full,SW,2022,0.078125,0.0089649,0.078125,0.078125,RWBL
SW_2022_Heavy,Heavy,SW,2022,0,0,0,0,RWBL
SW_2022_Moderate,Moderate,SW,2022,0,0,0,0,RWBL
SW_2022_Rest,Rest,SW,2022,0.07833597187667612,0.0041505,0.0785136958948995,0.07823927159577454,RWBL
SW_2023_Full,Full,SW,2023,0,0,0,0,RWBL
SW_2023_Heavy,Heavy,SW,2023,0.0643986648993598,0.0121975,0.06607107669541552,0.06350745956238812,RWBL
SW_2023_Moderate,Moderate,SW,2023,0.10259578268863748,0.0245988,0.19960264356751267,0.07109709211490692,RWBL
SW_2023_Rest,Rest,SW,2023,0.0751953970800549,0.0082757,0.08770238676183816,0.06910204739627353,RWBL
SW_2024_Full,Full,SW,2024,0.05503372081820924,0.0203478,0.08439322348996517,0.04296758160590831,RWBL
SW_2024_Heavy,Heavy,SW,2024,0,0,0,0,RWBL
SW_2024_Moderate,Moderate,SW,2024,0.15226994753233805,0.0239343,0.277682717049019,0.10560989033649884,RWBL
SW_2024_Rest,Rest,SW,2024,0.12704545178806428,0.0081699,0.12841463268626174,0.1262226511397915,RWBL
NE_2021_Full,Full,NE,2021,0.0137025609375,0.0485101,0.011672209375,0.014766709375000001,WEME
NE_2021_Heavy,Heavy,NE,2021,0,0,0,0,WEME
NE_2021_Moderate,Moderate,NE,2021,0,0,0,0,WEME
NE_2021_Rest,Rest,NE,2021,0,0,0,0,WEME
NE_2022_Full,Full,NE,2022,0.020036400448525442,0.0266712,0.02544338550806755,0.017694078322849405,WEME
NE_2022_Heavy,Heavy,NE,2022,0.019888888264554018,0.0387092,0.025293360832021185,0.017568740980995073,WEME
NE_2022_Moderate,Moderate,NE,2022,0,0,0,0,WEME
NE_2022_Rest,Rest,NE,2022,0.15266982023557887,0.0275105,0.24844394787626264,0.11442093224149814,WEME
NE_2023_Full,Full,NE,2023,0.10541954087470506,0.0339583,0.21507727208556543,0.07140414485568608,WEME
NE_2023_Heavy,Heavy,NE,2023,0,0,0,0,WEME
NE_2023_Moderate,Moderate,NE,2023,0,0,0,0,WEME
NE_2023_Rest,Rest,NE,2023,0.1018335292332967,0.0393812,0.1496981794895738,0.08152276374340588,WEME
NE_2024_Full,Full,NE,2024,0,0,0,0,WEME
NE_2024_Heavy,Heavy,NE,2024,0,0,0,0,WEME
NE_2024_Moderate,Moderate,NE,2024,0.14985746111704432,0.0407341,0.44654561135280835,0.08380131055554513,WEME
NE_2024_Rest,Rest,NE,2024,0.0131363078125,0.0486604,0.011271765625,0.014296378125,WEME
NW_2021_Full,Full,NW,2021,0,0,0,0,WEME
NW_2021_Heavy,Heavy,NW,2021,0.022898982323554248,0.0445499,0.035234149534519754,0.01857291316820766,WEME
NW_2021_Moderate,Moderate,NW,2021,0,0,0,0,WEME
NW_2021_Rest,Rest,NW,2021,0.10033574896584126,0.0371282,0.21602220985366724,0.06773597477717075,WEME
NW_2022_Full,Full,NW,2022,0,0,0,0,WEME
NW_2022_Heavy,Heavy,NW,2022,0.10756785023698749,0.0263691,0.24347298221524763,0.07067304481046374,WEME
NW_2022_Moderate,Moderate,NW,2022,0.07945522714535001,0.0224693,0.2683185786383859,0.046470595300026916,WEME
NW_2022_Rest,Rest,NW,2022,0.03876682355761378,0.0249135,0.04862400167509255,0.03464231057491588,WEME
NW_2023_Full,Full,NW,2023,0.08841413299063304,0.025845,0.12548618381394427,0.07402518346959364,WEME
NW_2023_Heavy,Heavy,NW,2023,0.015625,0.0381206,0.015625,0.015625,WEME
NW_2023_Moderate,Moderate,NW,2023,0,0,0,0,WEME
NW_2023_Rest,Rest,NW,2023,0,0,0,0,WEME
NW_2024_Full,Full,NW,2024,0,0,0,0,WEME
NW_2024_Heavy,Heavy,NW,2024,0.10757115267163019,0.039814,0.34577501753041356,0.05790104130875369,WEME
NW_2024_Moderate,Moderate,NW,2024,0,0,0,0,WEME
NW_2024_Rest,Rest,NW,2024,0.03145270518283853,0.0403979,0.06793629763925706,0.021557310708005588,WEME
SE_2021_Full,Full,SE,2021,0.08003672600203282,0.0225078,0.1330843695639871,0.061396160174319155,WEME
SE_2021_Heavy,Heavy,SE,2021,0.039080514828506656,0.0336696,0.09924140709255104,0.024327929310638374,WEME
SE_2021_Moderate,Moderate,SE,2021,0.06819757042082845,0.0206571,0.07343220582445327,0.06547990221614573,WEME
SE_2021_Rest,Rest,SE,2021,0.009905960123725783,0.0259893,0.006798770494023047,0.012225512170094408,WEME
SE_2022_Full,Full,SE,2022,0.03125,0.0149305,0.03125,0.03125,WEME
SE_2022_Heavy,Heavy,SE,2022,0.02498165519225297,0.0203476,0.02029905236764033,0.02786874627259264,WEME
SE_2022_Moderate,Moderate,SE,2022,0.0966249165256901,0.014722,0.14836967610690743,0.0776630536766639,WEME
SE_2022_Rest,Rest,SE,2022,0,0,0,0,WEME
SE_2023_Full,Full,SE,2023,0.10402123526052906,0.0190513,0.21244763389058927,0.07098554295840605,WEME
SE_2023_Heavy,Heavy,SE,2023,0,0,0,0,WEME
SE_2023_Moderate,Moderate,SE,2023,0.03642788644736453,0.0214882,0.042819382763682565,0.03362966647963832,WEME
SE_2023_Rest,Rest,SE,2023,0.08180263042766714,0.0261148,0.20876600279369528,0.050410916166086485,WEME
SE_2024_Full,Full,SE,2024,0.10771168618512689,0.0253591,0.26622147738447,0.06926654732048715,WEME
SE_2024_Heavy,Heavy,SE,2024,0.052578588597119454,0.0305643,0.08270185604768084,0.04103021526222021,WEME
SE_2024_Moderate,Moderate,SE,2024,0.15493641554939785,0.0194963,0.2616762685839697,0.11461321857017619,WEME
SE_2024_Rest,Rest,SE,2024,0.01423564375,0.0301477,0.0129948625,0.014922714062499998,WEME
SW_2021_Full,Full,SW,2021,0.02257611245571427,0.0299158,0.015518599776588605,0.026971804122423837,WEME
SW_2021_Heavy,Heavy,SW,2021,0,0,0,0,WEME
SW_2021_Moderate,Moderate,SW,2021,0.05988209260334157,0.0283346,0.12002972326318037,0.04248996221089823,WEME
SW_2021_Rest,Rest,SW,2021,0.0140537296875,0.0304575,0.0128461265625,0.0147714203125,WEME
SW_2022_Full,Full,SW,2022,0.04133368262118413,0.0190559,0.05693503083832624,0.03552957923794389,WEME
SW_2022_Heavy,Heavy,SW,2022,0,0,0,0,WEME
SW_2022_Moderate,Moderate,SW,2022,0,0,0,0,WEME
SW_2022_Rest,Rest,SW,2022,0.011970583873981006,0.0204637,0.009449656919751099,0.013594855195081147,WEME
SW_2023_Full,Full,SW,2023,0,0,0,0,WEME
SW_2023_Heavy,Heavy,SW,2023,0.04055781570000273,0.0387387,0.0554048723208713,0.03504672397756214,WEME
SW_2023_Moderate,Moderate,SW,2023,0.036842099095829396,0.0265484,0.09927825629393923,0.023057251189832075,WEME
SW_2023_Rest,Rest,SW,2023,0.13175421309894172,0.0278533,0.2085699605739555,0.10263023422346933,WEME
SW_2024_Full,Full,SW,2024,0.018448400917159078,0.0286763,0.02199085711818918,0.01690795283614602,WEME
SW_2024_Heavy,Heavy,SW,2024,0.1920331620736375,0.0345884,0.6425809751125914,0.09839102556144971,WEME
SW_2024_Moderate,Moderate,SW,2024,0.1676860885256386,0.0221576,0.25951765644191305,0.13009289689881803,WEME
SW_2024_Rest,Rest,SW,2024,0.06256408048447534,0.0286524,0.07800092000868994,0.05504968727688467,WEME
NE_2022_Heavy,Heavy,NE,2022,0.015625,2.253979e-5,0.015627072058167248,0.015622928308140256,YHBL
NE_2023_Heavy,Heavy,NE,2023,0,0,0,0,YHBL
NE_2023_Rest,Rest,NE,2023,0.06582475510820449,0.0120479,0.08950206988098193,0.06295484441132221,YHBL
NE_2024_Moderate,Moderate,NE,2024,0.2757090829795569,0.2002232,2.8916539918594637,0.09314539350448515,YHBL
NE_2024_Rest,Rest,NE,2024,0,0,0,0,YHBL
NW_2022_Heavy,Heavy,NW,2022,0,0,0,0,YHBL
NW_2023_Heavy,Heavy,NW,2023,0.17929945105875286,0.0151605,0.224619910217658,0.16448087376547904,YHBL
NW_2023_Rest,Rest,NW,2023,0,0,0,0,YHBL
NW_2024_Moderate,Moderate,NW,2024,0,0,0,0,YHBL
NW_2024_Rest,Rest,NW,2024,1.2988518791521815,0.0116038,1.637593643393349,1.0783006036763882,YHBL
SE_2022_Heavy,Heavy,SE,2022,0,0,0,0,YHBL
SE_2023_Heavy,Heavy,SE,2023,0,0,0,0,YHBL
SE_2023_Rest,Rest,SE,2023,0,0,0,0,YHBL
SE_2024_Moderate,Moderate,SE,2024,0,0,0,0,YHBL
SE_2024_Rest,Rest,SE,2024,0,0,0,0,YHBL
SW_2022_Heavy,Heavy,SW,2022,0,0,0,0,YHBL
SW_2023_Heavy,Heavy,SW,2023,0,0,0,0,YHBL
SW_2023_Rest,Rest,SW,2023,0,0,0,0,YHBL
SW_2024_Moderate,Moderate,SW,2024,0,0,0,0,YHBL
SW_2024_Rest,Rest,SW,2024,0,0,0,0,YHBL
